;name;model;manufacturer;cost_in_credits;length;max_atmosphering_speed;crew;passengers;cargo_capacity;consumables;hyperdrive_rating;MGLT;starship_class;component;src
0;Executor;Executor-class star dreadnought;Kuat Drive Yards, Fondor Shipyards;1143350000.0;19000;;279144.0;38000.0;250000000.0;6 years;2;40.0;Star dreadnought;starships;Executor.jpg
1;Sentinel-class landing craft;Sentinel-class landing craft;Sienar Fleet Systems, Cyngus Spaceworks;240000.0;38;1000;5.0;75.0;180000.0;1 month;1;70.0;landing craft;starships;Sentinel-class_landing_craft.jpg
2;Death Star;DS-1 Orbital Battle Station;Imperial Department of Military Research, Sienar Fleet Systems;1000000000000.0;120000;;342953.0;843342.0;1000000000000.0;3 years;4;10.0;Deep Space Mobile Battlestation;starships;Death_Star.jpg
3;Millennium Falcon;YT-1300 light freighter;Corellian Engineering Corporation;100000.0;34,37;1050;4.0;6.0;100000.0;2 months;0,5;75.0;Light freighter;starships;Millennium_Falcon.jpg
4;Y-wing;BTL Y-wing;Koensayr Manufacturing;134999.0;14;1000km;2.0;0.0;110.0;1 week;1;80.0;assault starfighter;starships;Y-wing.jpg
5;X-wing;T-65 X-wing;Incom Corporation;149999.0;12,5;1050;1.0;0.0;110.0;1 week;1;100.0;Starfighter;starships;X-wing.jpg
6;TIE Advanced x1;Twin Ion Engine Advanced x1;Sienar Fleet Systems;;9,2;1200;1.0;0.0;150.0;5 days;1;105.0;Starfighter;starships;TIE_Advanced_x1.jpg
7;Slave 1;Firespray-31-class patrol and attack;Kuat Systems Engineering;;21,5;1000;1.0;6.0;70000.0;1 month;3;70.0;Patrol craft;starships;Slave_1.jpg
8;Imperial shuttle;Lambda-class T-4a shuttle;Sienar Fleet Systems;240000.0;20;850;6.0;20.0;80000.0;2 months;1;50.0;Armed government transport;starships;Imperial_shuttle.jpg
9;EF76 Nebulon-B escort frigate;EF76 Nebulon-B escort frigate;Kuat Drive Yards;8500000.0;300;800;854.0;75.0;6000000.0;2 years;2;40.0;Escort ship;starships;EF76_Nebulon-B_escort_frigate.jpg
10;Calamari Cruiser;MC80 Liberty type Star Cruiser;Mon Calamari shipyards;104000000.0;1200;;5400.0;1200.0;;2 years;1;60.0;Star Cruiser;starships;Calamari_Cruiser.jpg
11;A-wing;RZ-1 A-wing Interceptor;Alliance Underground Engineering, Incom Corporation;175000.0;9,6;1300;1.0;0.0;40.0;1 week;1;120.0;Starfighter;starships;A-wing.jpg
12;B-wing;A/SF-01 B-wing starfighter;Slayn & Korpil;220000.0;16,9;950;1.0;0.0;45.0;1 week;2;91.0;Assault Starfighter;starships;B-wing.jpg
13;Republic Cruiser;Consular-class cruiser;Corellian Engineering Corporation;;115;900;9.0;16.0;;;2;;Space cruiser;starships;Republic_Cruiser.jpg
14;Naboo fighter;N-1 starfighter;Theed Palace Space Vessel Engineering Corps;200000.0;11;1100;1.0;0.0;65.0;7 days;1;;Starfighter;starships;Naboo_fighter.jpg
15;Naboo Royal Starship;J-type 327 Nubian royal starship;Theed Palace Space Vessel Engineering Corps, Nubia Star Drives;;76;920;8.0;;;;1,8;;yacht;starships;Naboo_Royal_Starship.jpg
16;Scimitar;Star Courier;Republic Sienar Systems;55000000.0;26,5;1180;1.0;6.0;2500000.0;30 days;1,5;;Space Transport;starships;Scimitar.jpg
17;J-type diplomatic barge;J-type diplomatic barge;Theed Palace Space Vessel Engineering Corps, Nubia Star Drives;2000000.0;39;2000;5.0;10.0;;1 year;0,7;;Diplomatic barge;starships;J-type_diplomatic_barge.jpg
18;AA-9 Coruscant freighter;Botajef AA-9 Freighter-Liner;Botajef Shipyards;;390;;;30000.0;;;;;freighter;starships;AA-9_Coruscant_freighter.jpg
19;Jedi starfighter;Delta-7 Aethersprite-class interceptor;Kuat Systems Engineering;180000.0;8;1150;1.0;0.0;60.0;7 days;1;;Starfighter;starships;Jedi_starfighter.jpg
20;H-type Nubian yacht;H-type Nubian yacht;Theed Palace Space Vessel Engineering Corps;;47,9;8000;4.0;;;;0,9;;yacht;starships;H-type_Nubian_yacht.jpg
21;Star Destroyer;Imperial I-class Star Destroyer;Kuat Drive Yards;150000000.0;1Â 600;975;47060.0;0.0;36000000.0;2 years;2;60.0;Star Destroyer;starships;Star_Destroyer.jpg
22;Trade Federation cruiser;Providence-class carrier/destroyer;Rendili StarDrive, Free Dac Volunteers Engineering corps.;125000000.0;1088;1050;600.0;48247.0;50000000.0;4 years;1,5;;capital ship;starships;Trade_Federation_cruiser.jpg
23;Theta-class T-2c shuttle;Theta-class T-2c shuttle;Cygnus Spaceworks;1000000.0;18,5;2000;5.0;16.0;50000.0;56 days;1;;transport;starships;Theta-class_T-2c_shuttle.jpg
24;T-70 X-wing fighter;T-70 X-wing fighter;Incom;;;;1.0;;;;;;fighter;starships;T-70_X-wing_fighter.jpg
25;Rebel transport;GR-75 medium transport;Gallofree Yards, Inc.;;90;650;6.0;90.0;19000000.0;6 months;4;20.0;Medium transport;starships;Rebel_transport.jpg
26;Droid control ship;Lucrehulk-class Droid Control Ship;Hoersch-Kessel Drive, Inc.;;3170;;175.0;139000.0;4000000000.0;500 days;2;;Droid control ship;starships;Droid_control_ship.jpg
27;Republic Assault ship;Acclamator I-class assault ship;Rothana Heavy Engineering;;752;;700.0;16000.0;11250000.0;2 years;0,6;;assault ship;starships;Republic_Assault_ship.jpg
28;Solar Sailer;Punworcca 116-class interstellar sloop;Huppla Pasa Tisc Shipwrights Collective;35700.0;15,2;1600;3.0;11.0;240.0;7 days;1,5;;yacht;starships;Solar_Sailer.jpg
29;Republic attack cruiser;Senator-class Star Destroyer;Kuat Drive Yards, Allanteen Six shipyards;59000000.0;1137;975;7400.0;2000.0;20000000.0;2 years;1;;star destroyer;starships;Republic_attack_cruiser.jpg
30;Naboo star skiff;J-type star skiff;Theed Palace Space Vessel Engineering Corps/Nubia Star Drives, Incorporated;;29,2;1050;3.0;3.0;;;0,5;;yacht;starships;Naboo_star_skiff.jpg
31;Jedi Interceptor;Eta-2 Actis-class light interceptor;Kuat Systems Engineering;320000.0;5,47;1500;1.0;0.0;60.0;2 days;1;;starfighter;starships;Jedi_Interceptor.jpg
32;arc-170;Aggressive ReConnaissance-170 starfighter;Incom Corporation, Subpro Corporation;155000.0;14,5;1000;3.0;0.0;110.0;5 days;1;100.0;starfighter;starships;arc-170.jpg
33;Belbullab-22 starfighter;Belbullab-22 starfighter;Feethan Ottraw Scalable Assemblies;168000.0;6,71;1100;1.0;0.0;140.0;7 days;6;;starfighter;starships;Belbullab-22_starfighter.jpg
34;V-wing;Alpha-3 Nimbus-class V-wing starfighter;Kuat Systems Engineering;102500.0;7,9;1050;1.0;0.0;60.0;15 hours;1;;starfighter;starships;V-wing.jpg
35;CR90 corvette;CR90 corvette;Corellian Engineering Corporation;3500000.0;150;950;165.0;600.0;3000000.0;1 year;2;60.0;corvette;starships;CR90_corvette.jpg
36;Banking clan frigate;Munificent-class star frigate;Hoersch-Kessel Drive, Inc, Gwori Revolutionary Industries;57000000.0;825;;200.0;;40000000.0;2 years;1;;cruiser;starships;Banking_clan_frigate.jpg
